4,nguyenvanc@gmail.com,cnv,Nguyễn Văn C
5,nguyenvand@gmail.com,dnv,Nguyễn Văn D
3,nguyenvanb@gmail.com,bnv,Nguyễn Văn B
1,nguyenvana@gmail.com,1,aaaa
2,nguyenvana@gmail.com,anv,avzzzzzzzzzzzzzvvv
4,nguyenvanc@gmail.com,cnv,Nguyễn Văn C
5,nguyenvand@gmail.com,dnv,Nguyễn Văn D
3,nguyenvanb@gmail.com,bnv,Nguyễn Văn B
1,nguyenvana@gmail.com,1,aaaa
4,nguyenvanc@gmail.com,cnv,Nguyễn Văn C
5,nguyenvand@gmail.com,dnv,Nguyễn Văn D
3,nguyenvanb@gmail.com,bnv,Nguyễn Văn B
1,nguyenvana@gmail.com,1,aaaa
2,nguyenvana@gmail.com,anv,avzzzzzzzzzzzzzvvv
4,nguyenvanc@gmail.com,cnv,Nguyễn Văn C
5,nguyenvand@gmail.com,dnv,Nguyễn Văn D
3,nguyenvanb@gmail.com,bnv,Nguyễn Văn B
1,nguyenvana@gmail.com,1,aaaa
2,nguyenvana@gmail.com,anv,avzzzzzzzzzzzzzvvv
