zzzzzzzzzzzzz@gmail.com,cnv,Nguyễn Văn C
zzzzzzzzzzzzz@gmail.com,cnv,Nguyễn Văn C
zzzzzzzzzzz1111111@gmail.com,dnv,Nguyễn Văn D
zzzzzzzz2@gmail.com,bnv,Nguyễn Văn B
zzzzzzzzzzz1111111@gmail.com,dnv,Nguyễn Văn D
zzzzzzzzzzz1111111@gmail.com,dnv,Nguyễn Văn D
zzzzzzzz2@gmail.com,bnv,Nguyễn Văn B
zzzzzzzzzzzzz@gmail.com,cnv,Nguyễn Văn C
zzzzzzzzzzzzz@gmail.com,cnv,Nguyễn Văn C
zzzzzzzzzzz1111111@gmail.com,dnv,Nguyễn Văn D
zzzzzzzzzzz1111111@gmail.com,dnv,Nguyễn Văn D
zzzzzzzzzzzzz@gmail.com,cnv,Nguyễn Văn C
zzzzzzzzzzzzz@gmail.com,cnv,Nguyễn Văn C
zzzzzzzz2@gmail.com,bnv,Nguyễn Văn B
zzzzzzzzzzz1111111@gmail.com,dnv,Nguyễn Văn D
zzzzzzzzzzz1111111@gmail.com,dnv,Nguyễn Văn D
zzzzzzzzzzzzz@gmail.com,cnv,Nguyễn Văn C
zzzzzzzzzzzzz@gmail.com,cnv,Nguyễn Văn C
zzzzzzzz2@gmail.com,bnv,Nguyễn Văn B
zzzzzzzzzzz1111111@gmail.com,dnv,Nguyễn Văn D
zzzzzzzzzzzzz@gmail.com,cnv,Nguyễn Văn C
zzzzzzzz2@gmail.com,bnv,Nguyễn Văn B
zzzzzzzzzzz1111111@gmail.com,dnv,Nguyễn Văn D
zzzzzzzzzzzzz@gmail.com,cnv,Nguyễn Văn C
zzzzzzzzzzz1111111@gmail.com,dnv,Nguyễn Văn D
zzzzzzzzzzzzz@gmail.com,cnv,Nguyễn Văn C
zzzzzzzz2@gmail.com,bnv,Nguyễn Văn B
zzzzzzzzzzz1111111@gmail.com,dnv,Nguyễn Văn D
zzzzzzzzzzzzz@gmail.com,cnv,Nguyễn Văn C
zzzzzzzzzzz1111111@gmail.com,dnv,Nguyễn Văn D
zzzzzzzzzzzzz@gmail.com,cnv,Nguyễn Văn C
zzzzzzzzzzzzz@gmail.com,cnv,Nguyễn Văn C
zzzzzzzzzzz1111111@gmail.com,dnv,Nguyễn Văn D
zzzzzzzz2@gmail.com,bnv,Nguyễn Văn B
zzzzzzzzzzz1111111@gmail.com,dnv,Nguyễn Văn D
zzzzzzzzzzz1111111@gmail.com,dnv,Nguyễn Văn D
zzzzzzzzzzzzz@gmail.com,cnv,Nguyễn Văn C
zzzzzzzzzzzzz@gmail.com,cnv,Nguyễn Văn C
zzzzzzzz2@gmail.com,bnv,Nguyễn Văn B
zzzzzzzzzzz1111111@gmail.com,dnv,Nguyễn Văn D
